{"count":1,"gauges":{"PropellerBehavior.CumulativeReward":{"count":3,"max":-0.668994963,"min":-1.01799154,"value":-1.01799154,"weightedAverage":-0.821680963}},"self":17.0253488,"total":19.996235799999997,"children":{"AgentSendState":{"count":1139,"self":0.060533199999999995,"total":0.0884112,"children":{"CollectObservations":{"count":3413,"self":0.027878,"total":0.027878,"children":null}}},"DecideAction":{"count":1139,"self":2.8349962,"total":2.8349962,"children":null},"AgentAct":{"count":1139,"self":0.0464819,"total":0.0464819,"children":null}}}