{"count":1,"gauges":{},"self":11.668206399999999,"total":12.3225842,"children":{"AgentSendState":{"count":754,"self":0.0146827,"total":0.044793799999999995,"children":{"CollectObservations":{"count":1208,"self":0.0301111,"total":0.0301111,"children":null}}},"DecideAction":{"count":754,"self":0.5668637,"total":0.5668637,"children":null},"AgentAct":{"count":754,"self":0.0407267,"total":0.0407267,"children":null}}}