{"count":1,"gauges":{},"self":18.1586176,"total":18.9515574,"children":{"AgentSendState":{"count":926,"self":0.0225536,"total":0.0297645,"children":{"CollectObservations":{"count":3720,"self":0.0072108999999999993,"total":0.0072108999999999993,"children":null}}},"DecideAction":{"count":926,"self":0.5466932,"total":0.676794,"children":{"RayPerceptionSensor.Perceive":{"count":3720,"self":0.1301008,"total":0.1301008,"children":null}}},"AgentAct":{"count":926,"self":0.084386599999999992,"total":0.084386599999999992,"children":null}}}