{"count":1,"gauges":{},"self":42.231871999999996,"total":48.0952694,"children":{"AgentSendState":{"count":2376,"self":0.0541467,"total":0.0728497,"children":{"CollectObservations":{"count":2376,"self":0.018703,"total":0.018703,"children":null}}},"DecideAction":{"count":2376,"self":5.7212016,"total":5.7212016,"children":null},"AgentAct":{"count":2376,"self":0.068349399999999991,"total":0.068349399999999991,"children":null}}}