{"count":1,"gauges":{},"self":7.4838239999999994,"total":7.6915204,"children":{"AgentSendState":{"count":366,"self":0.0082889,"total":0.012588199999999999,"children":{"CollectObservations":{"count":1840,"self":0.0042993,"total":0.0042993,"children":null}}},"DecideAction":{"count":366,"self":0.1852666,"total":0.1852666,"children":null},"AgentAct":{"count":366,"self":0.0088439,"total":0.0088439,"children":null}}}