{"count":1,"gauges":{"Tennis.CumulativeReward":{"count":22,"max":1,"min":-1,"value":-1,"weightedAverage":-0.0115496069}},"self":46.8741248,"total":53.8642264,"children":{"AgentSendState":{"count":2602,"self":0.5808727,"total":0.90938659999999993,"children":{"CollectObservations":{"count":18756,"self":0.32851389999999997,"total":0.32851389999999997,"children":null}}},"DecideAction":{"count":2602,"self":5.069528,"total":5.0695279,"children":null},"AgentAct":{"count":2602,"self":1.0101898,"total":1.0101898,"children":null}}}