{"count":1,"gauges":{"Walker.CumulativeReward":{"count":3,"max":115.230278,"min":12.9081135,"value":115.230278,"weightedAverage":39.5723038}},"self":6.3682343999999995,"total":6.8888799999999994,"children":{"AgentSendState":{"count":472,"self":0.0121541,"total":0.0685091,"children":{"CollectObservations":{"count":1045,"self":0.056354999999999995,"total":0.056354999999999995,"children":null}}},"DecideAction":{"count":472,"self":0.40846279999999996,"total":0.40846279999999996,"children":null},"AgentAct":{"count":472,"self":0.0426763,"total":0.0426763,"children":null}}}